locus_tag	gene	product	start	end	strand	translation
operon_CDS_1	frpC	fructoselysine-6-phosphate deglycase	74	1078	-1	MLKFNEEQQIKDIRGALALRSDVEKVVDQVWTKGFDAVYYLGIGGTYASAMQAVTYANGKSNLPIYVQHAAEYYTTGNKRLTEKSFVILSSVTGTTQEVVQAVQEIKKVGATLFGFIDAKDSLLADLCDYVVTYPAPGTEQIKFFMVADRLMQKNNEFTDYENYYQELEEYLPTGLAEAEKSADAFGLAFAEKHRHDSIHYFIGAGNQWGAVYSYAMCYWEEQSWLRSKSIHAAEFLHGTLEIVDETTPVTLFIGEDEQRPLAERVAKLLPKICANYTIIDSKAYELPGISEKYRGRVISFLLMHAVTQRIDAHVEKLNCHPLEIRRYYRQFDY
operon_CDS_2	glpC	glucoselysine-6-phosphate deglycase	1072	2148	-1	MKTMLDYINEEQAALTQILNQFQLTDTDVSKVTHCLILATGSSHNACQAAKVYLEEVAPIYVEIQEPFNFAHYGKVDDRFDLVVAVSQSGKSASTIDAIAKIKNQTSVKTVALTSDVTSPITEVVDEVLDLKMGLETVGFVTKGYTATLLNLFLFGLKLGYQKHQLTKVEVEEELAKLAKAIQEIDSVIYKTEQFWQKTKKELTEGTRFIAIGYGPNIGTAKEFETKFTETVRLPSQGFEVEAYMHGPYLEADTTHLLFFIENQSPIQARSQALRNYLASYVGQCYTITTCSTRASNTLGLASDVEEKISPLLLVIPFQYLAYQVATSKGIDLSQRIFDDFDCVLKSKIAKKEGNQPC
operon_CDS_3	ptsD	PTS system mannose/fructose/sorbose family IID component	2159	2992	-1	MMTKTSKTKTENLITKKELNQVFWRSFQMEFSWNYERQMNMAYVYAMIPILKKLYPQKEEMAAALKRHLAFFNTTPHIVTFILGINAAMEEENVLDENFEVGTIDSIKTSLMGPLAGLGDSFFWGTLRLIATGVGTSLALQGNVLGPILFLLIFNVPHVIVRYLLNRWGYKLGTGFLKKIQANGMMESLTLGASIIGLMVVGAMTASMIDLTIPITISGSGKNAVTVQSIFDDIMPKLLPLASFGFVFYLLKKEVKPLAILGGMAIVGILGSLIGLF
operon_CDS_4	ptsC	PTS system sorbose-specific IIC component	2973	3764	-1	MIGQAILLGCIAFIAQSEYALGTSLLSRPIVTGLFVGIVLGDVKTGVIMGATLELAFIGSFSVGASIPPDVVTGGILGTAFAITAGAGTETALVLGLPIATLTLILKNIYLGLLIPIMSQKADQYAEEGAYKGVERMHLLAGFGLSFMLALIVTISFAVGSNTIKGLLDLIPEFIQHGLSVATGIIPALGFAMLARLLINKQVAPYFFLGFVLMAYFKLPVTGVAILGAITAVIVVNIMNYAKGKNETIQTTSGEVIDDDEDF
operon_CDS_5	ptsB	PTS system sorbose subfamily IIB component	3780	4250	-1	MIKLLRVDHRLLHGQVAFSWTQGLGADCILIANDDVPKNDIRKTTIKLAKPAGVKLVIKTIEDAIAALKSGVTEKYKLFIVVESVEDAYRLATAYPEIKEINLGGMKVRENTRNISKAINITPDEEKMVKELVANGCEVEIRQVPNDKKVAALNVL
operon_CDS_6	ptsA	PTS system fructose IIA component	4262	4726	-1	LALFLLYKEVSEVKKMERKIILATHGNFAAGIQTSLALICGETKNVECLCAYMEQPYDLAKTVKDILKNNQQNELIVITDLFGGSVNNEFFNYVGKQAMHLISGLNLATLIEIYTQINTVDSLVDLVKRAVENGQESLCYCNELSSKEILEEEF
operon_CDS_7	fruR	sigma-54 dependent transcriptional regulator	4753	7512	-1	MLKMQIVDYLRNQTAFFEPSLVSEIFTASNIATTFSIKRNTASHYLNQLNEEGILVKINTRPVYFFHKEAFQQQNYLLKRTVYQSFQEMIDEQPVFDRKSDFFQSVIGYRGSLAQTIEQLKMAALYPGGGLPVLITGESGTGKSFLASLYYQFCLSKELLDDSAPFVTVNCAQYANNPELLTSQLFGHLKGAFTGADSDKIGAFQSAEGGVLFLDEVHRLSPEGQEKLDQGIIYRMGETNRPIPVTCRLCFATTEEISSTFLTTFLRRIPIQIKIPSLAERTQAERKQLIMRAFYEEQQAIQKAVTITPQVIQLLENHHYVGNVGELRNNIKIITARSFAANLDKRVIPITLHDLPKEFLDQSIKLAPDENGLPIRLDEQTNLVSLLEETELAQRRIIQSYERILRLYVSHHHHLSTANNDISKEIERLFDDLLFEKKREKKHEMLLFITQNIRQLLETIESSYQIRFNGSLVYALSTYLFQRRCIDWFPEKEPTTVIDELLTEVQTKLATSYGYAEQLLTLVKRSLDIELSQMDRIIVTIYLHYSGSVKESHYPKAVIVAHGYATASSIANVANRLLNVPIFQSFDMPLDVTPKKISEHLIHYMERQETRNGLVILFDMGSLKEIYQYFPAEEEGPFLLMNNVTTSLALSIGEAIKDEVSFEELPQKALTVHPNEWEIILPENKTERVILTTCSTGIGTAVKIRDLLEKSLPAEAQLKIIPCEYNQLRNAESIKESFPEYEIVGIIGTNNPSSNDLPYISLEELIAGKGITTLLEWTKRELTKDMLSYVNHELIRNFSLDRVIQSVTILDTEKIIRQVEVFLIQLEERWQQTIQNDRKLAVYVHVSCLIERLIRNEPIENYNGAEQLKQCQRTVLQELKEAFSVIEKVYSVNIPESELFYVYDVLFGKTEFNNAESDF
operon_promoter	promoter	operon promoter region	7513	8082	-1	AATTTGAGAAAAAGCTTCTCAGCGGTTGCCGCCGCTGAAGAAAACTAGTTCATTGCACAGGCTGATCGTTTCAGTAAAAATTTTAAAGATGCTAGTAATTTCACTGAAAATCAGGTACACTAAAATTAGCTAGTGTAACTAGCAAAAAAGGCAACTGGAATAGATAGGTTGTGCTGTCTATGAAGGGCTTTGTTTGTCAGGTGGTGCTGACATGCAAAGTGCCTTTTTTCTTTTTCTCAACATTTTAAGGACAAAAAACGATTGCAACATGTCACAATCGCTAACCTCGGAGAAAAAGGAATTTTTCTCCAATGGCCATTTCGATAACCTGTTGTGTGTTTCGAAACATTCAGAACGGTGGTGCGTTCTTTCAGTGCCTAATTATCCAATTCGTTTCTTGTTCCTCTATTTACAGTATACTGAATGAAAGCCTATTCTGCAATGATAGAATCAGGTTCCTGTGATTAAATAACATAAAAAATGGGCTCCTTATATAAAGAAAAATAACAAAAGAAATTTTGAATATTGACGTTTTTTTTAGGTACGTTATGATAAACGAGAGGTGATTTT
operon_pribnow_box	pribnow_box	Pribnow box (-10 box)	7555	7562	-1	GAATATTG
